t_min,signal,nodes,depth
0.0,raw,1,0.0
1.0,raw,10,32.0
2.0,raw,10,12.0
3.0,raw,10,43.0
4.0,raw,10,0.0
5.0,raw,10,0.0
6.0,raw,1,32.0
7.0,raw,1,13.0
8.0,raw,1,42.0
9.0,raw,1,22.0
10.0,raw,1,2.0
11.0,raw,8,33.0
12.0,raw,8,12.0
13.0,raw,8,42.0
14.0,raw,8,1.0
15.0,raw,8,2.0
16.0,raw,1,32.0
17.0,raw,1,13.0
18.0,raw,1,43.0
19.0,raw,1,23.0
20.0,raw,1,2.0
21.0,raw,9,32.0
22.0,raw,9,13.0
23.0,raw,9,42.0
24.0,raw,9,0.0
25.0,raw,9,0.0
26.0,raw,1,34.0
27.0,raw,1,13.0
28.0,raw,1,42.0
29.0,raw,1,23.0
30.0,raw,1,3.0
31.0,raw,8,32.0
32.0,raw,8,12.0
33.0,raw,8,42.0
34.0,raw,8,0.0
35.0,raw,8,0.0
36.0,raw,1,33.0
37.0,raw,1,12.0
38.0,raw,1,43.0
39.0,raw,1,23.0
40.0,raw,1,2.0
41.0,raw,8,34.0
42.0,raw,8,12.0
43.0,raw,8,42.0
44.0,raw,8,1.0
45.0,raw,8,0.0
46.0,raw,1,32.0
47.0,raw,1,12.0
48.0,raw,1,42.0
49.0,raw,1,22.0
50.0,raw,1,2.0
51.0,raw,8,32.0
52.0,raw,8,13.0
53.0,raw,8,42.0
54.0,raw,8,0.0
55.0,raw,8,1.0
56.0,raw,1,32.0
57.0,raw,1,13.0
58.0,raw,1,42.0
59.0,raw,1,23.0
60.0,raw,1,2.0
61.0,raw,8,32.0
62.0,raw,8,12.0
63.0,raw,8,43.0
64.0,raw,8,0.0
65.0,raw,8,0.0
66.0,raw,1,32.0
67.0,raw,1,13.0
68.0,raw,1,42.0
69.0,raw,1,23.0
70.0,raw,1,2.0
71.0,raw,8,32.0
72.0,raw,8,12.0
73.0,raw,8,42.0
74.0,raw,8,0.0
75.0,raw,8,0.0
76.0,raw,1,32.0
77.0,raw,1,13.0
78.0,raw,1,42.0
79.0,raw,1,22.0
80.0,raw,1,3.0
81.0,raw,9,32.0
82.0,raw,9,12.0
83.0,raw,9,42.0
84.0,raw,9,1.0
85.0,raw,9,0.0
86.0,raw,1,32.0
87.0,raw,1,13.0
88.0,raw,1,42.0
89.0,raw,1,22.0
90.0,raw,1,3.0
0.0,weighted,1,0.0
1.0,weighted,2,3.2
2.0,weighted,2,1.2
3.0,weighted,2,5.2
4.0,weighted,2,0.2
5.0,weighted,2,0.0
6.0,weighted,1,3.2
7.0,weighted,1,2.2
8.0,weighted,1,4.2
9.0,weighted,1,2.2
10.0,weighted,1,0.2
11.0,weighted,2,4.2
12.0,weighted,2,1.2
13.0,weighted,2,4.2
14.0,weighted,2,1.2
15.0,weighted,2,2.0
16.0,weighted,1,3.2
17.0,weighted,1,2.2
18.0,weighted,1,5.2
19.0,weighted,1,3.2
20.0,weighted,1,0.2
21.0,weighted,2,3.2
22.0,weighted,2,2.2
23.0,weighted,2,4.2
24.0,weighted,2,0.2
25.0,weighted,2,0.0
26.0,weighted,1,5.2
27.0,weighted,1,2.2
28.0,weighted,1,4.2
29.0,weighted,1,3.2
30.0,weighted,1,1.2
31.0,weighted,2,3.2
32.0,weighted,2,1.2
33.0,weighted,2,4.2
34.0,weighted,2,0.2
35.0,weighted,2,0.0
36.0,weighted,1,3.2
37.0,weighted,1,1.2
38.0,weighted,1,5.2
39.0,weighted,1,2.3
40.0,weighted,1,0.2
41.0,weighted,2,5.2
42.0,weighted,2,1.2
43.0,weighted,2,4.2
44.0,weighted,2,1.2
45.0,weighted,2,0.0
46.0,weighted,1,2.2
47.0,weighted,1,1.2
48.0,weighted,1,4.2
49.0,weighted,1,2.2
50.0,weighted,1,0.2
51.0,weighted,1,3.2
52.0,weighted,2,2.2
53.0,weighted,2,4.2
54.0,weighted,2,0.2
55.0,weighted,2,1.0
56.0,weighted,2,2.2
57.0,weighted,1,2.2
58.0,weighted,1,4.2
59.0,weighted,1,3.2
60.0,weighted,1,0.2
61.0,weighted,1,3.2
62.0,weighted,2,1.2
63.0,weighted,2,5.2
64.0,weighted,2,2.2
65.0,weighted,2,0.0
66.0,weighted,2,2.2
67.0,weighted,1,1.0
68.0,weighted,1,4.2
69.0,weighted,1,3.2
70.0,weighted,1,0.2
71.0,weighted,1,3.2
72.0,weighted,1,1.2
73.0,weighted,2,4.2
74.0,weighted,2,2.2
75.0,weighted,2,0.0
76.0,weighted,2,2.2
77.0,weighted,2,1.0
78.0,weighted,1,4.2
79.0,weighted,1,2.2
80.0,weighted,1,1.2
81.0,weighted,1,3.2
82.0,weighted,1,1.2
83.0,weighted,2,4.2
84.0,weighted,2,3.2
85.0,weighted,2,0.2
86.0,weighted,2,2.2
87.0,weighted,2,1.0
88.0,weighted,1,4.2
89.0,weighted,1,2.2
90.0,weighted,1,1.2
