ts,run_id,mode,k,heavy_c,cut_threads,classify_threads,classify_mode,wall_s,completed,failed
1782975656.7131555,warm_v0,v0,1,2,2,4,injection,64.4809,1,0
1782975701.9784927,F1_v0_k1,v0,1,2,2,4,injection,45.3836,1,0
1782975793.2128937,F1_v0_k2,v0,2,2,2,4,injection,91.7638,2,0
1782975929.1378007,F1_v0_k3,v0,3,2,2,4,injection,137.0955,3,0
1782975976.2633004,warm_v1,v1,1,2,2,4,injection,44.3202,1,0
1782975999.4790497,F1_v1_k1,v1,1,2,2,4,injection,23.1842,1,0
1782976029.7183397,F1_v1_k2,v1,2,2,2,4,injection,30.2389,2,0
1782976069.0241241,F1_v1_k3,v1,3,2,2,4,injection,39.3122,3,0
1782976191.5726633,B_c2_t2_cap3_rep1,v1,6,2,2,4,injection,72.4476,6,0
1782976275.3471937,B_c2_t4_cap3_rep1,v1,6,2,2,4,injection,73.3684,6,0
1782976367.1190884,B_c3_t2_cap3_rep1,v1,6,2,2,4,injection,81.3736,6,0
1782976454.6425438,B_c3_t4_cap3_rep1,v1,6,2,2,4,injection,77.3638,6,0
1782976614.62428,B_c4_t2_cap3_rep1,v1,6,2,2,4,injection,150.8931,3,3
1782976773.7958968,B_c4_t4_cap3_rep1,v1,6,2,2,4,injection,150.0256,2,4
1782976933.3467176,B_c5_t2_cap3_rep1,v1,6,2,2,4,injection,150.1035,3,3
1782977093.2138214,B_c5_t4_cap3_rep1,v1,6,2,2,4,injection,150.242,3,3
1782977251.890603,B_c6_t2_cap3_rep1,v1,6,2,2,4,injection,150.2573,1,5
1782977411.1163263,B_c6_t4_cap3_rep1,v1,6,2,2,4,injection,150.2367,2,4
1782977569.9354525,B_c8_t2_cap3_rep1,v1,6,2,2,4,injection,150.1384,2,4
1782977729.203956,B_c8_t4_cap3_rep1,v1,6,2,2,4,injection,150.4976,2,4
1782977888.3102682,B_c2_t2_cap2_rep1,v1,6,2,2,4,injection,150.1533,5,1
1782978047.616006,B_c2_t4_cap2_rep1,v1,6,2,2,4,injection,150.3065,4,2
1782978206.2402952,B_c3_t2_cap2_rep1,v1,6,2,2,4,injection,150.2052,2,4
1782978364.804185,B_c3_t4_cap2_rep1,v1,6,2,2,4,injection,150.344,1,5
1782978523.6155179,B_c4_t2_cap2_rep1,v1,6,2,2,4,injection,150.1833,2,4
1782978681.931293,B_c4_t4_cap2_rep1,v1,6,2,2,4,injection,150.1951,2,4
1782978840.7186325,B_c5_t2_cap2_rep1,v1,6,2,2,4,injection,150.6459,1,5
1782979000.6350844,B_c5_t4_cap2_rep1,v1,6,2,2,4,injection,150.5261,2,4
1782980959.057569,B_c6_t2_cap2_rep1,v1,6,2,2,4,injection,150.5736,2,4
1782981922.6926703,B_c6_t4_cap2_rep1,v1,6,2,2,4,injection,150.8959,0,6
1782982112.0593922,B_c8_t2_cap2_rep1,v1,6,2,2,4,injection,150.0511,2,4
1782982272.2348413,B_c8_t4_cap2_rep1,v1,6,2,2,4,injection,150.0263,2,4
1782982365.9790628,B_c2_t2_cap3_rep1,v1,6,2,2,4,injection,72.3882,6,0
1782982449.041653,B_c2_t4_cap3_rep1,v1,6,2,2,4,injection,72.3809,6,0
1782982533.835407,B_c3_t2_cap3_rep1,v1,6,2,2,4,injection,74.4025,6,0
1782982629.6757479,B_c3_t4_cap3_rep1,v1,6,2,2,4,injection,85.4173,6,0
1782982789.8284655,B_c4_t2_cap3_rep1,v1,6,2,2,4,injection,150.026,3,3
1782982949.71373,B_c4_t4_cap3_rep1,v1,6,2,2,4,injection,150.0826,3,3
1782983109.6689363,B_c5_t2_cap3_rep1,v1,6,2,2,4,injection,150.0718,2,4
1782983269.032821,B_c5_t4_cap3_rep1,v1,6,2,2,4,injection,150.0474,3,3
1782983428.866774,B_c6_t2_cap3_rep1,v1,6,2,2,4,injection,150.1268,3,3
1782983588.955263,B_c6_t4_cap3_rep1,v1,6,2,2,4,injection,150.6054,0,6
1782983748.409986,B_c8_t2_cap3_rep1,v1,6,2,2,4,injection,150.3724,1,5
1782983907.8943763,B_c8_t4_cap3_rep1,v1,6,2,2,4,injection,150.0792,3,3
1782984068.8984594,B_c2_t2_cap2_rep1,v1,6,2,2,4,injection,150.9827,4,2
1782984228.19519,B_c2_t4_cap2_rep1,v1,6,2,2,4,injection,150.0119,5,1
1782984387.2921703,B_c3_t2_cap2_rep1,v1,6,2,2,4,injection,150.1593,2,4
1782984546.3115234,B_c3_t4_cap2_rep1,v1,6,2,2,4,injection,150.0968,2,4
1782984706.0340633,B_c4_t2_cap2_rep1,v1,6,2,2,4,injection,150.2569,1,5
1782984865.401118,B_c4_t4_cap2_rep1,v1,6,2,2,4,injection,150.3514,2,4
1782985024.370274,B_c5_t2_cap2_rep1,v1,6,2,2,4,injection,150.334,1,5
1782985184.1075478,B_c5_t4_cap2_rep1,v1,6,2,2,4,injection,150.5973,0,6
1782985342.7741666,B_c6_t2_cap2_rep1,v1,6,2,2,4,injection,150.6747,2,4
1782985501.882262,B_c6_t4_cap2_rep1,v1,6,2,2,4,injection,150.144,1,5
1782985661.4395018,B_c8_t2_cap2_rep1,v1,6,2,2,4,injection,150.1755,0,6
1782985821.4665458,B_c8_t4_cap2_rep1,v1,6,2,2,4,injection,150.2984,1,5
