concurrency,cut_threads,total_rss_gb,per_worker_gb,cap_gb,exceeds_cap,oom_killed,backend,rep
2,2,2.4468,1.2234,3.0,False,false,real-whisper,1
2,4,2.4883,1.2442,3.0,False,false,real-whisper,1
3,2,3.1885,1.0628,3.0,True,false,real-whisper,1
3,4,3.1809,1.0603,3.0,True,false,real-whisper,1
4,2,3.2212,0.8053,3.0,True,true,real-whisper,1
4,4,3.2212,0.8053,3.0,True,true,real-whisper,1
5,2,3.2212,0.6442,3.0,True,true,real-whisper,1
5,4,3.2212,0.6442,3.0,True,true,real-whisper,1
6,2,3.2212,0.5369,3.0,True,true,real-whisper,1
6,4,3.2212,0.5369,3.0,True,true,real-whisper,1
8,2,3.2212,0.4027,3.0,True,true,real-whisper,1
8,4,3.2212,0.4027,3.0,True,true,real-whisper,1
2,2,2.1475,1.0737,2.0,True,true,real-whisper,1
2,4,2.1475,1.0737,2.0,True,true,real-whisper,1
3,2,2.1475,0.7158,2.0,True,true,real-whisper,1
3,4,2.1475,0.7158,2.0,True,true,real-whisper,1
4,2,2.1475,0.5369,2.0,True,true,real-whisper,1
4,4,2.1475,0.5369,2.0,True,true,real-whisper,1
5,2,2.1475,0.4295,2.0,True,true,real-whisper,1
5,4,2.1475,0.4295,2.0,True,true,real-whisper,1
6,2,2.1475,0.3579,2.0,True,true,real-whisper,1
6,4,2.1475,0.3579,2.0,True,true,real-whisper,1
8,2,2.1477,0.2685,2.0,True,true,real-whisper,1
8,4,2.1479,0.2685,2.0,True,true,real-whisper,1
